sensor1,4.0
sensor2,3.5
sensor3,4.5
sensor2,12.333333333333334
sensor1,11.333333333333334
sensor3,12.333333333333334
sensor2,22.0
sensor3,21.0
sensor1,20.0
sensor2,28.0
sensor1,27.0
sensor3,27.0
